case,sample,wall_time,ros_time,point_count,min_x,max_x,min_y,max_y,final_linear_x,final_linear_y,final_angular_z,odom_x,odom_y,odom_yaw
stand,1,102527.539060721,262.829,1008,-0.38309445847530377,0.35281348994612677,-0.1662245819977622,0.1669881652418818,0.0,0.0,0.0,-0.10048643987997172,0.13749215110378712,0.6110693025429809
stand,2,102527.648811904,262.934,1008,-0.38383353026532463,0.35250518434896444,-0.16649684539923898,0.1667686877579885,0.0,0.0,0.0,-0.10018512666214784,0.13828215050946868,0.611067586906668
stand,3,102527.744300927,263.034,1008,-0.38402947053111564,0.352850655318309,-0.16692580772595111,0.1663370070216861,0.0,0.0,0.0,-0.10070828062362897,0.13859846815350932,0.6118938425861234
stand,4,102527.847196215,263.134,1008,-0.3839729258427912,0.3527457342895753,-0.1672939047289037,0.165884642104606,0.0,0.0,0.0,-0.1010034000527511,0.1385188227927643,0.6117034683783541
stand,5,102527.950166355,263.23400000000004,1008,-0.3837697677128357,0.3525192682434484,-0.16641755866445002,0.16674634510014094,0.0,0.0,0.0,-0.10059743351077609,0.1380097587677857,0.6118380380845005
stand,6,102528.03971326,263.324,1008,-0.38447268016177216,0.352552681496375,-0.1663841023423034,0.16683829758301108,0.0,0.0,0.0,-0.09991286266271399,0.13826399272514606,0.610973870978081
stand,7,102528.144188624,263.42900000000003,1008,-0.3843580182451235,0.352882004314411,-0.16669907372852485,0.16651136281276288,0.0,0.0,0.0,-0.10048695469323835,0.13832949681987539,0.6112565364593854
stand,8,102528.245329296,263.529,1008,-0.3832689804249184,0.35271984753276425,-0.1665251053046199,0.16680457953781752,0.0,0.0,0.0,-0.10068723009782084,0.13838863088789702,0.6124396887046504
stand,9,102528.34564499,263.624,1008,-0.38383229705576805,0.3525168779356939,-0.16669442043011418,0.1667122943264335,0.0,0.0,0.0,-0.09950420194985338,0.1390990008184887,0.6115651618197628
stand,10,102528.440840138,263.719,1008,-0.3843412193023002,0.35267132761253084,-0.1669581641002251,0.16640218865249168,0.0,0.0,0.0,-0.1002624163488872,0.13827524702344451,0.6115773454109608
stand,11,102528.546640354,263.819,1008,-0.38346854669143915,0.35272010567918666,-0.16704186377621505,0.16624468164289907,0.0,0.0,0.0,-0.10095668260513323,0.1378304786233823,0.6119071942773563
stand,12,102528.645582871,263.91900000000004,1008,-0.38410594029894307,0.35280502695620986,-0.16675988964452307,0.16666722732190833,0.0,0.0,0.0,-0.10060308135228445,0.13829382054447442,0.6116362695973735
stand,13,102528.743217677,264.014,1008,-0.384638322118953,0.35246847166774486,-0.16745482421912225,0.1657313029821958,0.0,0.0,0.0,-0.0992295299207808,0.13948087083414926,0.6121425865615294
stand,14,102528.845911943,264.11400000000003,1008,-0.3849661272848812,0.3529840292129608,-0.166198341130969,0.16710887956144943,0.0,0.0,0.0,-0.0980878330672199,0.13966155998806404,0.6112921817498235
stand,15,102528.949139146,264.214,1008,-0.3838447684409461,0.35263090197421937,-0.1658520946655055,0.16734330236080489,0.0,0.0,0.0,-0.10017222473987406,0.13804498346458452,0.6114020932147545
stand,16,102529.044423762,264.309,1008,-0.3838609424290608,0.3526130486276074,-0.16665224515359353,0.1665557589314835,0.0,0.0,0.0,-0.10149095073553302,0.13748323012636682,0.6120321198382419
stand,17,102529.146497816,264.41400000000004,1008,-0.38383472091478077,0.3524412512523931,-0.16696200013407098,0.16633234634251293,0.0,0.0,0.0,-0.10132088144434387,0.13804760836443586,0.6117404409069793
stand,18,102529.248247177,264.514,1008,-0.38356299471480715,0.3526058123475165,-0.1660804902834717,0.16713758224104658,0.0,0.0,0.0,-0.09946833300865321,0.13889050534829533,0.6116999388640466
stand,19,102529.34851626,264.61400000000003,1008,-0.3842286114173427,0.35284308921358876,-0.1664108920632445,0.16682922885396487,0.0,0.0,0.0,-0.09804826829446034,0.13967242158446105,0.611045424551501
stand,20,102529.443011895,264.704,1008,-0.3842585351119443,0.3525666818657284,-0.16613957991639405,0.16711111072150348,0.0,0.0,0.0,-0.09947073308178202,0.13895987147224786,0.6122895141137877
stand,21,102529.543351932,264.80400000000003,1008,-0.38366917157246605,0.3525839712137719,-0.16740819958408826,0.1658445479402728,0.0,0.0,0.0,-0.10087422195603381,0.13825743559188663,0.6114750413962683
stand,22,102529.645620101,264.904,1008,-0.38374007715427094,0.35261020841193835,-0.1668169953589355,0.1664665972278063,0.0,0.0,0.0,-0.1007060523070035,0.1383132690509334,0.611939818317463
stand,23,102529.749013015,265.009,1008,-0.3839897600988946,0.3526385990377765,-0.16735766415019127,0.1659439316702734,0.0,0.0,0.0,-0.09943149333113876,0.139007876013968,0.6118031979682841
stand,24,102529.843660565,265.10400000000004,1008,-0.3841473409011329,0.35269208355814013,-0.16610976425656093,0.16738481372553832,0.0,0.0,0.0,-0.09839241729935409,0.13926064521342138,0.6102169052218566
stand,25,102529.946156024,265.204,1008,-0.3843797141849866,0.35275250824811877,-0.16657256190235575,0.16672851570315478,0.0,0.0,0.0,-0.09863756467252192,0.1390757822168182,0.6116488114327112
stand,26,102530.040382818,265.29400000000004,1008,-0.3839622529251677,0.35257626260310454,-0.16624512892468835,0.16706874205241393,0.0,0.0,0.0,-0.09955406254277284,0.13882801286281643,0.6118439637400692
stand,27,102530.143733443,265.399,1008,-0.38418149043491867,0.35265722817302486,-0.16699894219050027,0.16629762766446224,0.0,0.0,0.0,-0.10037293417259706,0.1389007067535167,0.6119244565475942
stand,28,102530.247338348,265.499,1008,-0.38416329268125327,0.35261917396965875,-0.16710991980736567,0.16623721359570415,0.0,0.0,0.0,-0.09987496796235512,0.13913567568684462,0.6121065582981908
stand,29,102530.34925345,265.599,1008,-0.3838567164293759,0.35266435677408053,-0.16682481532218046,0.16651845541881616,0.0,0.0,0.0,-0.09881710578186077,0.13946577213866798,0.6117876779998257
stand,30,102530.440559887,265.689,1008,-0.38377969250963784,0.35266563802932294,-0.166442295669888,0.16696749390108945,0.0,0.0,0.0,-0.0980078110179047,0.14007853214963406,0.6110558135129373
stand,31,102530.545504662,265.79400000000004,1008,-0.38448879206057807,0.35286425044777964,-0.1669380336068437,0.16651711303937994,0.0,0.0,0.0,-0.09858564548792396,0.13993537261593136,0.612825983210982
stand,32,102530.64727534,265.894,1008,-0.38345989044904827,0.352631364736029,-0.16690662812968854,0.16660573194467884,0.0,0.0,0.0,-0.09994404339372981,0.13888088810786245,0.6109860502478937
stand,33,102530.739291836,265.98400000000004,1008,-0.38391813561763066,0.35274998423000775,-0.1669378071986638,0.16654724546598865,0.0,0.0,0.0,-0.09849832910069169,0.13992473637088176,0.6115064419369249
stand,34,102530.842883594,266.089,1008,-0.38479508892287273,0.35294765729283634,-0.1668207268671281,0.1666509769303862,0.0,0.0,0.0,-0.09794717305781304,0.13968181134181917,0.6119585152432453
stand,35,102530.943353163,266.184,1008,-0.3841135008503369,0.3524783780436507,-0.16781539155536113,0.1656766602279255,0.0,0.0,0.0,-0.09876665529268928,0.13965706671658545,0.6106140253700357
stand,36,102531.046616711,266.28900000000004,1008,-0.38432708328236964,0.35280106163218905,-0.16726208295137773,0.1661397974702855,0.0,0.0,0.0,-0.098957398346672,0.1400191033975183,0.6131258016811463
stand,37,102531.148753541,266.389,1008,-0.38428368939343227,0.35272672982453207,-0.16757990740734663,0.1660086995702424,0.0,0.0,0.0,-0.0994493739314234,0.13981248933003687,0.6114408714809136
stand,38,102531.242660329,266.48400000000004,1008,-0.383729533532172,0.3524912691628893,-0.16720869499722413,0.166408446402335,0.0,0.0,0.0,-0.09898051635093148,0.1394017546935659,0.6123175172057088
stand,39,102531.348761168,266.584,1008,-0.38452257963486414,0.35257939812899747,-0.16667809539123182,0.16689206312600252,0.0,0.0,0.0,-0.09836056904573527,0.13927760411555623,0.6110215780456784
stand,40,102531.440371798,266.67900000000003,1008,-0.38375295486182337,0.3526031263654639,-0.16649465439276395,0.1671289385810491,0.0,0.0,0.0,-0.09836738690874514,0.13969247279528366,0.6117762831005815
forward,1,102533.848629964,269.05400000000003,1008,-0.392100309943501,0.3506224603841892,-0.16455864134250586,0.17609768810959905,0.15,0.0,0.0,-0.05114041240028623,0.17792030286801797,0.6032397806205148
forward,2,102533.949086833,269.154,1008,-0.38220880056148354,0.35145987254252015,-0.16388776627315643,0.1899743706779995,0.15,0.0,0.0,-0.039140075497495354,0.17561946618498095,0.6329742532245827
forward,3,102534.051684898,269.254,1008,-0.3984165512497717,0.3512609504561884,-0.16251811504486108,0.16659551269873285,0.15,0.0,0.0,-0.03707806567825232,0.1880999141469138,0.6465806520591585
forward,4,102534.150761269,269.349,1008,-0.3833684205720934,0.35081046515165826,-0.18219348512683395,0.1652658888029557,0.15,0.0,0.0,-0.03263436138751747,0.20684097137165866,0.6473826364189134
forward,5,102534.256568337,269.454,1008,-0.3911178349269225,0.3522909092378122,-0.17222182997986948,0.16331987605289416,0.15,0.0,0.0,-0.030948752737474,0.2118491563104321,0.6280288391413169
forward,6,102534.358082214,269.55400000000003,1008,-0.39347546868650174,0.3523600412641475,-0.16268595777104133,0.16458817594561967,0.15,0.0,0.0,-0.015876780693605496,0.21587146252186556,0.6414569473198956
forward,7,102534.448843213,269.639,1008,-0.37968039946987575,0.34982529479265323,-0.16599956195639676,0.19375721010486044,0.15,0.0,0.0,-0.0033820998634086137,0.21404748771429288,0.6574318994892678
forward,8,102534.551672894,269.744,1008,-0.3972359227452616,0.35187189482112485,-0.1641684291026484,0.173055119304136,0.15,0.0,0.0,-0.002144560668499676,0.22910365460020246,0.663777066093526
forward,9,102534.657127064,269.849,1008,-0.381855512827575,0.34992929378269055,-0.18640641393640334,0.16525357928111364,0.15,0.0,0.0,0.002981091006479961,0.2562962215214559,0.6775290494124956
forward,10,102534.758360038,269.944,1008,-0.38611590478900826,0.35178436130270757,-0.1864158098334355,0.164509834609268,0.15,0.0,0.0,0.005223940623856004,0.26662161965307196,0.6846110844606249
forward,11,102534.848894447,270.034,1008,-0.397225070493604,0.351601739661239,-0.16896534131342014,0.16292346063918534,0.15,0.0,0.0,0.02651683660523381,0.2670236612130498,0.6777784363105198
forward,12,102534.951080372,270.139,1008,-0.3842301155097653,0.35159831242811684,-0.16354925798497452,0.1869842242800116,0.15,0.0,0.0,0.03972590383110681,0.2651807160176905,0.6935901340661956
forward,13,102535.051793834,270.23400000000004,1008,-0.39785824949482407,0.35163114268803375,-0.16446980123383168,0.16443158141992004,0.15,0.0,0.0,0.04014657457268919,0.2730114988308761,0.7066600421066731
forward,14,102535.152395856,270.334,1008,-0.38744925946213365,0.3506729599491119,-0.18119579798779895,0.1645660055188662,0.15,0.0,0.0,0.045177521275996974,0.29183507200508224,0.7111921839530987
forward,15,102535.253113396,270.434,1008,-0.38536347947890615,0.3513952694572934,-0.18271786514385194,0.16362611153011092,0.15,0.0,0.0,0.04821380328061903,0.2995048191927042,0.6879051618225157
forward,16,102535.355135731,270.53900000000004,1008,-0.39357776137333556,0.35386212219313623,-0.16756840773482984,0.1676043306913826,0.15,0.0,0.0,0.06477307882190089,0.3021990995243602,0.6957120022551659
forward,17,102535.454977827,270.634,1008,-0.3841989229359034,0.3532340131852252,-0.16572205526838418,0.18571812112690156,0.15,0.0,0.0,0.07780228768495329,0.30342549071773567,0.7234704723238519
forward,18,102535.558807716,270.73400000000004,1008,-0.3988167944196107,0.351922307714902,-0.16445432582525107,0.1687301526326465,0.15,0.0,0.0,0.07772590453139235,0.31008759283594645,0.7248074505183995
forward,19,102535.658431608,270.834,1008,-0.3846932647777102,0.34961922285074887,-0.18072516354580817,0.16517296940329623,0.15,0.0,0.0,0.08142821785350474,0.3258889995230439,0.736705663039421
forward,20,102535.748773742,270.92400000000004,1008,-0.3825048706843241,0.3518383283839931,-0.18555496588450382,0.1637759107829136,0.15,0.0,0.0,0.08052906266476138,0.3337697992316025,0.7226498554137568
forward,21,102535.852882648,271.029,1008,-0.39717372222969893,0.3507726238434857,-0.16667062518046016,0.16314802850889454,0.15,0.0,0.0,0.09619652886965611,0.33600616668442007,0.7172640110258134
forward,22,102535.954381502,271.124,1008,-0.38105692609277464,0.35132023288157316,-0.16417498127934252,0.18720603067002195,0.15,0.0,0.0,0.11326382423161548,0.336429777198466,0.7177974302506099
forward,23,102536.055773675,271.22900000000004,1008,-0.39671261428950866,0.35183091914738385,-0.16362286905316,0.16836317831277223,0.15,0.0,0.0,0.11728580300119626,0.34491226130706937,0.7393521058141962
forward,24,102536.1485662,271.319,1008,-0.3900872892409926,0.3508722964824607,-0.17820635924902367,0.1646167578286747,0.15,0.0,0.0,0.12317635878278355,0.36389405780739464,0.7489656160768045
forward,25,102536.250366774,271.41900000000004,1008,-0.38385166702393825,0.35179282721138294,-0.1778515948123478,0.16783302799975786,0.15,0.0,0.0,0.12605256464440412,0.3714131613545379,0.7186865692258343
forward,26,102536.354169481,271.519,1008,-0.39839877272426844,0.3514369903646237,-0.16655079727521951,0.16444271588166107,0.15,0.0,0.0,0.14080214123974566,0.37555252741656314,0.7161936920444619
forward,27,102536.453445025,271.619,1008,-0.38109044635869893,0.3510117164215457,-0.1643667904430846,0.18570330993732723,0.15,0.0,0.0,0.15590120850310435,0.3761911496777512,0.7326940646734701
forward,28,102536.554098861,271.719,1008,-0.39345144426783796,0.35194654644298445,-0.16398264787463743,0.16738924579060438,0.15,0.0,0.0,0.15776354446538185,0.3844432598473618,0.7547029774749229
forward,29,102536.65537871,271.819,1008,-0.3906924398292648,0.3507530234067926,-0.17884284935923722,0.16481003048579704,0.15,0.0,0.0,0.16161640469024488,0.4019465945459381,0.7653904577891739
forward,30,102536.757806007,271.91900000000004,1008,-0.3821696164106977,0.35159194710107394,-0.18275517866462085,0.16389924366463865,0.15,0.0,0.0,0.16305600967542766,0.4083743085992951,0.7297584628763583
forward,31,102536.85611877,272.019,1008,-0.3990744476232432,0.3530114586652965,-0.1726033976348753,0.16288729621708548,0.15,0.0,0.0,0.17794897018616465,0.4136419144794059,0.7333179336468747
forward,32,102536.958609917,272.119,1008,-0.38094257875660015,0.3513066905268887,-0.16446408020834163,0.18567838499807507,0.15,0.0,0.0,0.1936298814155508,0.4156963258880906,0.7437022198300489
forward,33,102537.049281663,272.209,1008,-0.3926498466502272,0.35228142027220016,-0.16384578306003716,0.16875006626756475,0.15,0.0,0.0,0.19523891503000076,0.42028256633543953,0.7631200228492584
forward,34,102537.153445651,272.314,1008,-0.39068254496811944,0.3504580163598093,-0.17654620192051332,0.1646545044459524,0.15,0.0,0.0,0.20047852975277425,0.4372834322290829,0.7688803827183376
forward,35,102537.254788358,272.41400000000004,1008,-0.3824012214409763,0.3516663914932993,-0.18993570579220573,0.1637948653328242,0.15,0.0,0.0,0.20025416370037416,0.4491760663645178,0.7470131137950536
forward,36,102537.354427387,272.514,1008,-0.3993370617515405,0.3514165632516663,-0.16905312191815594,0.1626361237505197,0.15,0.0,0.0,0.21144048840621332,0.45106104950684883,0.7315096295689852
forward,37,102537.455702476,272.61400000000003,1008,-0.3828855166846621,0.35138343787877957,-0.1644577885005659,0.1825951398674898,0.15,0.0,0.0,0.22802116646458048,0.45317961029073667,0.7383698564342277
forward,38,102537.55737732,272.714,1008,-0.3913325611299089,0.35212836688357374,-0.1632475061101254,0.16877830024873164,0.15,0.0,0.0,0.2314435888824457,0.4570773387680933,0.7699208831014193
forward,39,102537.658366818,272.814,1008,-0.3910044962579245,0.3503983214542705,-0.17462024691130357,0.16436200055241396,0.15,0.0,0.0,0.2369450947247207,0.4729547695469464,0.7708661410760786
forward,40,102537.75105399,272.904,1008,-0.3820091746566928,0.3516434576224514,-0.189634107272618,0.16374053153824888,0.15,0.0,0.0,0.23720371856993056,0.48435870558887295,0.7505473064444513
forward,41,102537.856310861,273.004,1008,-0.3987277315324899,0.35127445129340096,-0.16892143866758613,0.16243405213292306,0.15,0.0,0.0,0.24936018444745564,0.4867003058617824,0.7381304750457766
forward,42,102537.949185177,273.094,1008,-0.38387910304389494,0.3501383922272735,-0.16527637032567954,0.18513193644770004,0.15,0.0,0.0,0.2632660935981907,0.48894093818136114,0.727708835695839
forward,43,102538.051764138,273.199,1008,-0.3869711745718292,0.3517834828649549,-0.16284134503326578,0.17829863545811844,0.15,0.0,0.0,0.2689506630362622,0.4906302755617793,0.7483128023678182
forward,44,102538.153984893,273.29900000000004,1008,-0.39337347500936626,0.3521352876665528,-0.1687906893066795,0.16367447967127516,0.15,0.0,0.0,0.27344000491740994,0.512001233360362,0.7614182483713008
forward,45,102538.256559656,273.399,1008,-0.37901627530171744,0.3497096454583409,-0.19493222492509393,0.1656691636110513,0.15,0.0,0.0,0.27216981243490734,0.5264283434050989,0.7584402523395685
forward,46,102538.351503442,273.494,1008,-0.39805534162784817,0.35228778979858827,-0.17155670425145333,0.16377961032204277,0.15,0.0,0.0,0.2822275258302856,0.5269718101968819,0.7547469534749957
forward,47,102538.458629034,273.599,1008,-0.3838810484323968,0.3502989769044483,-0.1650157722258223,0.18363104263138105,0.15,0.0,0.0,0.30755503699852016,0.5293444667440593,0.73603185012605
forward,48,102538.554065379,273.694,1008,-0.387004202641804,0.3519948344971094,-0.16367519136267542,0.1830661242169399,0.15,0.0,0.0,0.314034025085592,0.5291798358049798,0.756987293118294
forward,49,102538.655337028,273.78900000000004,1008,-0.39482160843426295,0.35095691350900077,-0.16232200493701732,0.16591260839363872,0.15,0.0,0.0,0.31784089263838483,0.5462263516214629,0.7716852741948501
forward,50,102538.758913693,273.894,1008,-0.3835683399607771,0.35161011267402237,-0.18839061603734794,0.1635767586190933,0.15,0.0,0.0,0.31892232368805096,0.5622881478315155,0.75971426250015
forward,51,102538.849229903,273.98400000000004,1008,-0.3963163060229842,0.35231874777300853,-0.16704363789585197,0.16308582839789584,0.15,0.0,0.0,0.32790085994623497,0.5643365788539889,0.7385674176244929
forward,52,102538.951841645,274.084,1008,-0.3880451354604646,0.3509160976102223,-0.1647902208990395,0.18078921467578984,0.15,0.0,0.0,0.34581717674700785,0.5683011773968882,0.7385628088542534
forward,53,102539.057363014,274.184,1008,-0.3854121745329687,0.35181775974378604,-0.16508734611023151,0.17602197978042664,0.15,0.0,0.0,0.352018157133679,0.5709098044026274,0.7735808211866397
forward,54,102539.149460259,274.279,1008,-0.39678142137709305,0.35119156451985584,-0.16270655415011348,0.16641126406956522,0.15,0.0,0.0,0.3558567271772092,0.5879542544332117,0.7859925374927516
forward,55,102539.251946113,274.379,1008,-0.38168967411451027,0.35123590129640375,-0.1887509684096921,0.16393163815411826,0.15,0.0,0.0,0.35650609531838284,0.6019785939453912,0.7678910989425864
forward,56,102539.354990502,274.47900000000004,1008,-0.3965830025245496,0.35245778859389976,-0.16811884479060588,0.1633502183637117,0.15,0.0,0.0,0.36694067876020153,0.6022882489836212,0.7591974785221272
forward,57,102539.459210853,274.584,1008,-0.38822054424501995,0.3505914007620982,-0.1650055310359135,0.1821094056957034,0.15,0.0,0.0,0.38598806323592233,0.6054893537111904,0.7566703016254694
forward,58,102539.549978966,274.67400000000004,1008,-0.3846138974020301,0.3523142344199514,-0.16333079702549141,0.18678018996336798,0.15,0.0,0.0,0.3925401701271558,0.6052000768858388,0.7824065019272286
forward,59,102539.652525963,274.774,1008,-0.39779138773204925,0.3514749033013898,-0.16265350734905268,0.17085996547323484,0.15,0.0,0.0,0.3926492808832545,0.6188565874511042,0.7934860799810044
forward,60,102539.754190623,274.874,1008,-0.3811060007779012,0.3507015152411772,-0.18876785472429602,0.16454414753333985,0.15,0.0,0.0,0.39249446025415813,0.6369431491564195,0.7912370668086296
turn,1,102542.293433567,277.379,1008,-0.3855383133989154,0.34985757830834274,-0.16477606023309532,0.18702418673445362,0.0,0.0,0.3,0.45685147644691115,0.6649370614143698,0.9329549568143543
turn,2,102542.398467459,277.48400000000004,1008,-0.37671890229130545,0.35165686695247483,-0.16269220769009315,0.19008188413147148,0.0,0.0,0.3,0.4504489839672362,0.6577852883130328,0.9520494448951757
turn,3,102542.499423386,277.584,1008,-0.3858720737866772,0.35047446580093083,-0.1777667834922784,0.16278550309777706,0.0,0.0,0.3,0.4388242519737469,0.6705608986192844,0.9865745799630593
turn,4,102542.593507079,277.67400000000004,1008,-0.38782536068879747,0.350928563996768,-0.1906621939653586,0.16569140837893212,0.0,0.0,0.3,0.42742936835354683,0.6751756379174527,1.0022909229395265
turn,5,102542.703441888,277.784,1008,-0.39415000096320063,0.3523604549673335,-0.17371334467808613,0.1659136058051788,0.0,0.0,0.3,0.4350242448564756,0.6688764442426526,1.0372238863323133
turn,6,102542.802463068,277.884,1008,-0.3866847093335005,0.35172364216103175,-0.16428434326408115,0.1858473193421221,0.0,0.0,0.3,0.4457181346594696,0.6624638206070709,1.0703073483302896
turn,7,102542.903370052,277.97900000000004,1008,-0.37890247301712504,0.35226496012628256,-0.16814096290510097,0.18283927176516482,0.0,0.0,0.3,0.4381998455988659,0.6539658305423816,1.0879561194910836
turn,8,102542.994484514,278.069,1008,-0.3841556558702598,0.34938333171462865,-0.1738623128294176,0.16283929069545236,0.0,0.0,0.3,0.42664856965763925,0.6568956031053418,1.0995287873981494
turn,9,102543.102830041,278.17400000000004,1008,-0.3829086837069152,0.3497022844665756,-0.1911673360496796,0.1662453363856684,0.0,0.0,0.3,0.4126617044656074,0.6568433635584088,1.0946236091890842
turn,10,102543.197494069,278.269,1008,-0.3921131667715545,0.35301016587694667,-0.16957112182819759,0.16580271103609884,0.0,0.0,0.3,0.42547793430870484,0.654449720643646,1.1280164359856817
turn,11,102543.299282969,278.36400000000003,1008,-0.39320937899971486,0.3512672782043485,-0.1670027055771264,0.1783859990054593,0.0,0.0,0.3,0.44645336034479943,0.6518900791696941,1.1591606165814123
turn,12,102543.399232022,278.464,1008,-0.3792939776285411,0.35271812504438527,-0.16596673492981084,0.1879459304176911,0.0,0.0,0.3,0.4423201222128062,0.6413482581417115,1.1635680293720339
turn,13,102543.503699131,278.569,1008,-0.38354782138495336,0.3494583349326502,-0.17251468883815457,0.16319620709929708,0.0,0.0,0.3,0.428243906924913,0.6396299180519268,1.1547966805269296
turn,14,102543.59603019,278.66400000000004,1008,-0.3820999319144407,0.34850569098426615,-0.19436527216359922,0.16710468177021423,0.0,0.0,0.3,0.41083369724545593,0.6402353051449596,1.1527827828113288
turn,15,102543.702129231,278.769,1008,-0.39097086413468923,0.3526705146958382,-0.17133488509165853,0.16631293507978204,0.0,0.0,0.3,0.42159369568461624,0.6388834505238737,1.1905093656893997
turn,16,102543.79798519,278.86400000000003,1008,-0.39258190351781497,0.3516252087855226,-0.16790507847489533,0.1775510349593999,0.0,0.0,0.3,0.4379770240758582,0.6401266148954337,1.209856092427081
turn,17,102543.900250768,278.964,1008,-0.38263307106586186,0.3528980470425236,-0.1704212628572993,0.18368392146760126,0.0,0.0,0.3,0.43473285366101,0.630513590577112,1.2258207596045738
turn,18,102544.002242699,279.069,1008,-0.38453011467018783,0.34968659157262816,-0.1726175039916772,0.16323980188208118,0.0,0.0,0.3,0.4215237356106474,0.6252512271755224,1.2238663272581014
turn,19,102544.098203285,279.144,1008,-0.38356655745379964,0.3491530328858268,-0.19263111807966415,0.16607016657031354,0.0,0.0,0.3,0.407029727756949,0.6221309662121046,1.2147678283167511
turn,20,102544.197476179,279.23900000000003,1008,-0.38231472205078276,0.35073126108235475,-0.1733951392254814,0.16776883840178577,0.0,0.0,0.3,0.41172986424038194,0.616218006261758,1.2411071966134497
turn,21,102544.299325872,279.344,1008,-0.39358536397684785,0.3534432398301718,-0.16336060155136048,0.17195783313373916,0.0,0.0,0.3,0.4353996804751372,0.6195437560785055,1.2712262961840848
turn,22,102544.395402447,279.439,1008,-0.3819692614850663,0.35321991097555133,-0.16524246526218553,0.18996829469306054,0.0,0.0,0.3,0.4413173367908489,0.6103053777402109,1.2861934787911542
turn,23,102544.496699475,279.53900000000004,1008,-0.3855157785091789,0.350567418039755,-0.16757987358581927,0.17529985237931955,0.0,0.0,0.3,0.42925110620249685,0.605174282438878,1.2719027386469224
turn,24,102544.60099139,279.634,1008,-0.38544369341566276,0.3491865085527336,-0.18969360793448473,0.16530583324217174,0.0,0.0,0.3,0.4138715781831826,0.6044692454210111,1.2759887043322051
turn,25,102544.700860779,279.73900000000003,1008,-0.3829000954918702,0.35165697223723036,-0.17214179214346118,0.1673624372454397,0.0,0.0,0.3,0.41785109810950627,0.6011084957848886,1.2892122421073804
turn,26,102544.794281635,279.834,1008,-0.39002967735880445,0.3511302677982701,-0.1657803771449778,0.17870971908507113,0.0,0.0,0.3,0.43424509545902634,0.6052892644521497,1.298245882067376
turn,27,102544.894985792,279.92900000000003,1008,-0.38694469424225575,0.35364839937566234,-0.16937239616864594,0.18673947424395274,0.0,0.0,0.3,0.4442576448565642,0.6004900398794805,1.324091405545612
turn,28,102544.995217966,280.029,1008,-0.38551595568674524,0.3524371878131069,-0.16725802110599233,0.17647631690309112,0.0,0.0,0.3,0.43591860357888235,0.5922253769206819,1.3022502592087941
turn,29,102545.09515319,280.129,1008,-0.3862036928305458,0.3496801756746362,-0.18798017084446442,0.164668353487905,0.0,0.0,0.3,0.4243079618467903,0.5889397622904472,1.2942925108907168
turn,30,102545.196545457,280.22900000000004,1008,-0.3809384825986544,0.3515119945917321,-0.16408878826067197,0.165329854245536,0.0,0.0,0.3,0.42272682880400053,0.581437742897695,1.3137185272349718
turn,31,102545.301516374,280.334,1008,-0.3928330704607338,0.3530144132312966,-0.16385291889142717,0.17230545691288776,0.0,0.0,0.3,0.44177429305441074,0.5860236724712525,1.3591934021434096
turn,32,102545.403551034,280.434,1008,-0.38625125736555865,0.353644540874044,-0.1710653203225065,0.18270259281777662,0.0,0.0,0.3,0.44856913669377835,0.5805821996143443,1.391741752481437
turn,33,102545.495946683,280.529,1008,-0.3858582811067123,0.35107111735090457,-0.16823603815116667,0.17534373368270204,0.0,0.0,0.3,0.4383684066968983,0.5704089404469911,1.3733800640912068
turn,34,102545.59813394,280.629,1008,-0.38826086339056237,0.34963708351134326,-0.18240704155344878,0.16393690031159208,0.0,0.0,0.3,0.4256656105799819,0.5659255690984234,1.3700773263374775
turn,35,102545.69973039,280.72900000000004,1008,-0.37853690053266165,0.3511664318232259,-0.17411162426718274,0.16702494470892798,0.0,0.0,0.3,0.4244137727279334,0.5590881866378952,1.3919655307619745
turn,36,102545.793925668,280.824,1008,-0.3918074611569446,0.353216145262807,-0.16484786560584125,0.1723407857316322,0.0,0.0,0.3,0.4469440755340106,0.5671027933170844,1.4243173208429012
turn,37,102545.902814025,280.92900000000003,1008,-0.38352462127160325,0.3533424721041002,-0.16450448936590878,0.1899295771726486,0.0,0.0,0.3,0.45653901717792594,0.5649314213729622,1.4425374774632465
turn,38,102545.99551546,281.019,1008,-0.3849382422897769,0.3523772574724588,-0.1723404126076094,0.17681722544335,0.0,0.0,0.3,0.448907819457188,0.5557596362933391,1.4257118655620429
turn,39,102546.095171224,281.11400000000003,1008,-0.3853622273777372,0.3493839779044926,-0.185757690876157,0.16421500944093678,0.0,0.0,0.3,0.4373863394457546,0.5510890919201199,1.4283017159930287
turn,40,102546.199523531,281.219,1008,-0.37529150241635223,0.35082960063997165,-0.17687897368404326,0.16649359522359977,0.0,0.0,0.3,0.43181501838548075,0.5429867731671387,1.4475298654214606
turn,41,102546.302213477,281.319,1008,-0.3925158459006487,0.3527009828568939,-0.16425978582783515,0.1675142462863256,0.0,0.0,0.3,0.4507916073164848,0.5502764941245557,1.4752941117704528
turn,42,102546.394111455,281.409,1008,-0.3885263181866213,0.3538961242503533,-0.16329577318843694,0.18917870164496015,0.0,0.0,0.3,0.45758322626221615,0.5477766160640023,1.4993848151300717
turn,43,102546.497369514,281.509,1008,-0.3842285005025462,0.3518995973577664,-0.17201709557767217,0.17579542593948155,0.0,0.0,0.3,0.4500761142366671,0.5348351403495523,1.490267451691898
turn,44,102546.599452181,281.60900000000004,1008,-0.3847154637947737,0.34964574646970076,-0.18548492448344808,0.16364243309663068,0.0,0.0,0.3,0.43881455434946487,0.5273946966705388,1.4863680508422696
turn,45,102546.699427998,281.709,1008,-0.38028180104499676,0.35086792665253574,-0.17453888497546224,0.16523307588148062,0.0,0.0,0.3,0.4315169043460602,0.5187462734437812,1.4997966004280314
turn,46,102546.801678051,281.809,1008,-0.39147463875587024,0.35290211656902215,-0.1652447376415248,0.1710690550510955,0.0,0.0,0.3,0.4502142823460164,0.5244224083678938,1.5439739171670204
turn,47,102546.899406112,281.909,1008,-0.38614227484083274,0.3531682298074257,-0.16340081494407835,0.18783632437116518,0.0,0.0,0.3,0.45977563848645314,0.5224237914612823,1.5727844026129463
turn,48,102546.995977817,282.004,1008,-0.3831009631439825,0.3519065349307145,-0.17151742746848117,0.17791501269844776,0.0,0.0,0.3,0.45008124890406725,0.5090434971045096,1.5700003188252338
turn,49,102547.097498433,282.10400000000004,1008,-0.38444863279319863,0.3488448814550641,-0.18353433181254838,0.16479652802999306,0.0,0.0,0.3,0.43569640126524356,0.5022578457906993,1.5666298035264705
turn,50,102547.195916076,282.199,1008,-0.3760979805444261,0.34947472502187577,-0.19048016864463693,0.16830620917127406,0.0,0.0,0.3,0.4287577348445987,0.49176229817885203,1.5713771814242419
turn,51,102547.296585763,282.29900000000004,1008,-0.3941337682760721,0.35342527277201025,-0.17073214397275005,0.1656078196541421,0.0,0.0,0.3,0.45173118344708324,0.49898750320301033,1.607152508684144
turn,52,102547.393739488,282.389,1008,-0.3882696389029032,0.3513491895396243,-0.16461511606380647,0.18899890428934132,0.0,0.0,0.3,0.4639914128633677,0.5013297018864921,1.6180258813068509
turn,53,102547.497451353,282.499,1008,-0.381350996046539,0.3522305831874453,-0.168512533765234,0.18044194847607614,0.0,0.0,0.3,0.4608089838501855,0.4877874956863943,1.6205881898266374
turn,54,102547.601336614,282.599,1008,-0.38626425130783293,0.35040446458204483,-0.18265731710975047,0.16356905786814707,0.0,0.0,0.3,0.44336857058945317,0.48340274618056467,1.6442866223990245
turn,55,102547.704500151,282.699,1008,-0.38196167160747563,0.35112515829754365,-0.1846991198561578,0.16639711101566546,0.0,0.0,0.3,0.43725118239472854,0.4736717557969351,1.6514612287827983
turn,56,102547.795402234,282.78900000000004,1008,-0.39387030841061577,0.35147148468827555,-0.17120614670920198,0.16544261471761534,0.0,0.0,0.3,0.44961131161429785,0.47626786817125294,1.689306068453308
turn,57,102547.893444697,282.889,1008,-0.3883463779620704,0.35183363903197556,-0.16437056535684208,0.1881753261232328,0.0,0.0,0.3,0.46116999473658565,0.47567790358033196,1.7224974965797417
turn,58,102547.996592965,282.98900000000003,1008,-0.3795950722681691,0.35211149681921666,-0.17042280693549663,0.17713903498329064,0.0,0.0,0.3,0.4582085806901953,0.46028922208580597,1.7432481047964339
turn,59,102548.098155588,283.089,1008,-0.38503076742510317,0.3498883915273628,-0.1830678758104452,0.16367397316932122,0.0,0.0,0.3,0.4466473128069805,0.4532923045493521,1.7400697798745226
turn,60,102548.202554579,283.189,1008,-0.3874115858452991,0.3505062608008134,-0.1784794625013273,0.16401338474441587,0.0,0.0,0.3,0.4394031149834627,0.4413222403349418,1.7363584841779465
lateral,1,102550.724206205,285.67400000000004,1008,-0.38841685626649003,0.3509465068390052,-0.16628532098261645,0.18928489453261393,0.0,0.1,0.0,0.41440088803725816,0.3629049842290059,1.9643441221019098
lateral,2,102550.825133412,285.774,1008,-0.39005282700770166,0.3524764726258704,-0.1740555009977951,0.1796756999627,0.0,0.1,0.0,0.40329627703210064,0.3531158243180402,1.984435746241152
lateral,3,102550.92678069,285.874,1008,-0.38706389126752305,0.3507779183383718,-0.18387971682963844,0.16482321638675368,0.0,0.1,0.0,0.3813969472486751,0.34799337124600954,1.9914608862774585
lateral,4,102551.02963644,285.974,1008,-0.3795035766821696,0.35207945559136367,-0.1874270074302414,0.17583215892545842,0.0,0.1,0.0,0.37218111544011345,0.33455844385193834,1.9832996735413424
lateral,5,102551.131187476,286.074,1008,-0.38776008614342206,0.3504759882619341,-0.1727933478712435,0.17093555983128894,0.0,0.1,0.0,0.3699378579174694,0.33353168951867534,2.006118179772236
lateral,6,102551.232370416,286.17400000000004,1008,-0.3884334240380879,0.35288389615382393,-0.16603010896528658,0.1843128568617872,0.0,0.1,0.0,0.3705334023930244,0.3328475565040022,2.011478074480545
lateral,7,102551.324661267,286.264,1008,-0.3884175874754484,0.3516683487129013,-0.17242647461560207,0.17712766266171734,0.0,0.1,0.0,0.3604333032721118,0.3216222216827724,2.0103356923481304
lateral,8,102551.428696286,286.36400000000003,1008,-0.3853360372152561,0.3504026218316277,-0.18371572698099345,0.16547428868710257,0.0,0.1,0.0,0.3420411320312419,0.31330754471606514,2.0086651956993316
lateral,9,102551.531598924,286.464,1008,-0.3779747029573668,0.35188331193651434,-0.19026403086822744,0.1749768281519158,0.0,0.1,0.0,0.3339698204888959,0.2989212556915611,1.994037622831154
lateral,10,102551.634667654,286.564,1008,-0.38829495195104213,0.35218335150191216,-0.173825694881101,0.16810788775302915,0.0,0.1,0.0,0.3354731439502367,0.30070589248228824,1.9989180440901024
lateral,11,102551.726217965,286.649,1008,-0.38709021251296405,0.3506504892490851,-0.16554118730348283,0.18271951208120765,0.0,0.1,0.0,0.3378434256272649,0.3025433545833121,2.006933049186995
lateral,12,102551.832106172,286.744,1008,-0.38318028792720016,0.35236871147586324,-0.17049547831749562,0.17989563291829522,0.0,0.1,0.0,0.3330118320289776,0.2904402274952411,2.034548269286716
lateral,13,102551.92548612,286.829,1008,-0.3885035947399813,0.35218574159126925,-0.1789112687525718,0.16594959690901753,0.0,0.1,0.0,0.31756222302857484,0.28591966547737213,2.018757834982117
lateral,14,102552.024199423,286.92900000000003,1008,-0.3799748441443721,0.35034334814354884,-0.20109097718580404,0.16640691034363997,0.0,0.1,0.0,0.2995692382497869,0.273956988729338,2.001001037519853
lateral,15,102552.134655099,287.034,1008,-0.38684943023535856,0.3523459175873453,-0.18517204913048935,0.1673369536494367,0.0,0.1,0.0,0.29844801279297406,0.27117199449104995,2.0082366672135525
lateral,16,102552.230705902,287.129,1008,-0.38767390208980046,0.3506391343439094,-0.16538187806473587,0.18261207484728964,0.0,0.1,0.0,0.29931213915087407,0.27905575842523256,2.002190096225232
lateral,17,102552.330563507,287.22900000000004,1008,-0.38180041859920366,0.3520669375133945,-0.17420818855912923,0.17902875697739928,0.0,0.1,0.0,0.29548109712622656,0.2708831293705724,2.0251442568631624
lateral,18,102552.433183119,287.329,1008,-0.3897359140029346,0.35054041939934005,-0.17699099352037856,0.1659235897154394,0.0,0.1,0.0,0.2764017466062628,0.2638692463544071,2.0179235803029933
lateral,19,102552.525922415,287.41900000000004,1008,-0.38388163715348506,0.3509585071953043,-0.19548282201702666,0.16497647952055672,0.0,0.1,0.0,0.25871691846554273,0.2523161686082482,2.007392948366751
lateral,20,102552.629122673,287.524,1008,-0.38695557774417966,0.35225641269645497,-0.18572550343111052,0.16923824247471245,0.0,0.1,0.0,0.2557136876347629,0.24731249390492607,2.022978451812225
lateral,21,102552.731171375,287.619,1008,-0.3874558048012477,0.35063696310679504,-0.16442154140668674,0.17952668085343065,0.0,0.1,0.0,0.25302980700659783,0.2517483633133321,2.020401037529098
lateral,22,102552.824225385,287.714,1008,-0.38816571595945987,0.35251582503135703,-0.17538403070502553,0.17783232538990978,0.0,0.1,0.0,0.2509849340743226,0.24633454599811816,2.0420728495480827
lateral,23,102552.924940187,287.814,1008,-0.3925371506121374,0.3507741245901036,-0.17308237635700718,0.17496502553407361,0.0,0.1,0.0,0.23754841396325393,0.23515596436119218,2.0265732888809693
lateral,24,102553.029856506,287.91400000000004,1008,-0.38506107462498274,0.35092100707271556,-0.19099320192925454,0.16489146830512852,0.0,0.1,0.0,0.22350128528617957,0.22279231980529,2.0183813565969495
lateral,25,102553.128539891,288.004,1008,-0.3809915853118353,0.35203134857268437,-0.18686120233700668,0.1707809946066143,0.0,0.1,0.0,0.22369582574106564,0.21422555574168195,2.0178487522461244
lateral,26,102553.229966879,288.10900000000004,1008,-0.3858068754758648,0.3503055106359173,-0.1639813947723426,0.18142154121019102,0.0,0.1,0.0,0.2249073201049921,0.2203916539120326,2.0109501689506315
lateral,27,102553.332804421,288.214,1008,-0.38458441662844906,0.35203552696601864,-0.16692979213983036,0.1851172367123472,0.0,0.1,0.0,0.22567790006969093,0.21539874343603888,2.051401122880993
lateral,28,102553.433444442,288.309,1008,-0.39022000328188566,0.3523545615509755,-0.17718332224591118,0.1682258404819817,0.0,0.1,0.0,0.20869608236731602,0.20530760694193773,2.041554321252613
lateral,29,102553.527744014,288.399,1008,-0.3835347664726042,0.3504974870151481,-0.19229870094082316,0.1650071585262241,0.0,0.1,0.0,0.1890936778633004,0.19380899842071583,2.03327700603058
lateral,30,102553.630857776,288.504,1008,-0.37984487760926966,0.35192254056474537,-0.19236622029920805,0.16712331919527962,0.0,0.1,0.0,0.1858510172850578,0.1852570210262681,2.0482332287553846
lateral,31,102553.733852494,288.60400000000004,1008,-0.38683046127646403,0.3505272070928038,-0.16387951287993568,0.18131299474426138,0.0,0.1,0.0,0.18548295641825516,0.19293149141705626,2.0439973026652636
lateral,32,102553.83002319,288.699,1008,-0.3877627699355852,0.3531344695670308,-0.16609392450989321,0.18677044453323322,0.0,0.1,0.0,0.18538935602520626,0.18922430550246927,2.0657290965184663
lateral,33,102553.931919502,288.79400000000004,1008,-0.3922726292609815,0.3515241360934709,-0.1761615383765292,0.17619682265296804,0.0,0.1,0.0,0.17404293031977924,0.17947001401701648,2.060542792125203
lateral,34,102554.034326509,288.894,1008,-0.38504103694691055,0.3503480238570319,-0.18923703126595212,0.1647456370507807,0.0,0.1,0.0,0.15284482549845227,0.16532814178469704,2.0566173608735605
lateral,35,102554.124424774,288.98400000000004,1008,-0.37704822542149596,0.3521004208260273,-0.1866499091615829,0.172475965250019,0.0,0.1,0.0,0.15036694083499305,0.15531829607725317,2.0539233686455973
lateral,36,102554.228102451,289.089,1008,-0.3908219813357554,0.35077123566192436,-0.16944666850314488,0.16672964879789173,0.0,0.1,0.0,0.1486949590111493,0.159566316116018,2.0623174181227997
lateral,37,102554.328833653,289.189,1008,-0.3897499520974004,0.35262196968262327,-0.16859923245612574,0.18182562682416417,0.0,0.1,0.0,0.14828013003036028,0.15688833470930036,2.0922228866062267
lateral,38,102554.432922106,289.29400000000004,1008,-0.3917471355635899,0.3510405226274864,-0.17802975453230152,0.17267297083627278,0.0,0.1,0.0,0.1359915974219129,0.14281132158040516,2.0856475418531395
lateral,39,102554.527091952,289.384,1008,-0.38389838984479263,0.3504679675044622,-0.185583314492199,0.16479537264519623,0.0,0.1,0.0,0.11920875052659631,0.13017907492434488,2.081249657607752
lateral,40,102554.628402947,289.48400000000004,1008,-0.3745794384136636,0.3515445022484791,-0.19026880967748164,0.17060723216019122,0.0,0.1,0.0,0.11562530699943208,0.11751532028989141,2.078451604571898
lateral,41,102554.730926221,289.589,1008,-0.3865970577760871,0.3524579123692323,-0.1635933413941152,0.17971109974203095,0.0,0.1,0.0,0.11610000126997586,0.1245255966422499,2.0860908633677924
lateral,42,102554.833807663,289.684,1008,-0.3884060869473919,0.35254938204434494,-0.16654705763913924,0.18778543185003968,0.0,0.1,0.0,0.11812023458620717,0.1231525621592703,2.114483827444424
lateral,43,102554.927932954,289.779,1008,-0.39107818793750226,0.3522966856113343,-0.17481894930309724,0.17924252727415205,0.0,0.1,0.0,0.1065918227326956,0.10998848248207513,2.108952011793185
lateral,44,102555.030035794,289.879,1008,-0.38625990317661507,0.3502627200713498,-0.18422427096457095,0.16483795383859642,0.0,0.1,0.0,0.08762563430742487,0.09865343670500511,2.105091773049153
lateral,45,102555.134051849,289.98400000000004,1008,-0.37560803182203667,0.3520590055325432,-0.1888643187141644,0.1714123743690522,0.0,0.1,0.0,0.08133777610351535,0.08471665794811445,2.105721066133107
lateral,46,102555.224425092,290.074,1008,-0.38766404930727494,0.3507805375810507,-0.1671442948406361,0.17284858241174192,0.0,0.1,0.0,0.07911667498313975,0.08751186520640808,2.1113759651696027
lateral,47,102555.327444925,290.17400000000004,1008,-0.38785999685423844,0.35142065787916055,-0.1658350151891721,0.18321997696357323,0.0,0.1,0.0,0.07845484481295578,0.0886284231391651,2.112003069197605
lateral,48,102555.426997488,290.274,1008,-0.39046096540908665,0.3522312117850584,-0.17369209150249315,0.17734144467347743,0.0,0.1,0.0,0.07181230527695728,0.0780278987588291,2.114363960473522
lateral,49,102555.530268595,290.369,1008,-0.3862118282870143,0.3504651550840429,-0.1823713199881562,0.1652421633659059,0.0,0.1,0.0,0.05597105785370326,0.06912603337398605,2.1118777425309085
lateral,50,102555.633555791,290.47400000000005,1008,-0.37626118495880945,0.3519935405471117,-0.18762822947161473,0.17755007172525805,0.0,0.1,0.0,0.04832813076955548,0.05456190449013512,2.0975502923198377
lateral,51,102555.734553592,290.574,1008,-0.38662196483737243,0.34996881733856244,-0.16707534008573466,0.1726042239732534,0.0,0.1,0.0,0.04822715418878361,0.05693943634615792,2.0974610905239155
lateral,52,102555.830935053,290.66400000000004,1008,-0.3880642371686535,0.3511983297196699,-0.1662853791069736,0.18879350320541355,0.0,0.1,0.0,0.052293171705559846,0.05868949055592264,2.112319506452757
lateral,53,102555.933286271,290.764,1008,-0.3890864351205094,0.3524903188839801,-0.16985837905138684,0.17984328679928546,0.0,0.1,0.0,0.04272074500744532,0.04678936511518801,2.124700506760805
lateral,54,102556.03346753,290.86400000000003,1008,-0.3919202585669658,0.35240758036890574,-0.1660686980943315,0.16524105601111333,0.0,0.1,0.0,0.02120273728712251,0.039082676421077184,2.1183249463248663
lateral,55,102556.125284799,290.954,1008,-0.37605335585173705,0.3510313579225691,-0.2017836627252427,0.16630469318263624,0.0,0.1,0.0,0.011201528897384662,0.026571513029791338,2.1145650145524173
lateral,56,102556.229439885,291.059,1008,-0.3887176356550233,0.3513630639166709,-0.18070939278450243,0.16589385484415722,0.0,0.1,0.0,0.013272236872416708,0.029274552168779718,2.1349347089918562
lateral,57,102556.329543126,291.159,1008,-0.3873165020873818,0.3504502834149327,-0.16580347057704148,0.18394499960982957,0.0,0.1,0.0,0.014834779825491036,0.033850229987555235,2.1302877718761195
lateral,58,102556.432137714,291.259,1008,-0.38798424520685104,0.3524571220769233,-0.16912055043581423,0.1813182527404621,0.0,0.1,0.0,0.009279148910427394,0.021929184475560796,2.140056105169754
lateral,59,102556.527242312,291.35400000000004,1008,-0.3877329166489854,0.35230003162861195,-0.17586154363187909,0.16559032538701876,0.0,0.1,0.0,-0.005462832703388207,0.01572894587143623,2.1408161611363234
lateral,60,102556.629106018,291.454,1008,-0.3782641132438823,0.35182996744141726,-0.1891473640422443,0.16512076975310824,0.0,0.1,0.0,-0.017406221656364216,0.005318962760781172,2.147368744589898
